Whiskey,Tango,Foxtrot,Zulu
a30b28ca,27,2703 - Powder Room Toilet,2019-07-01 05:18
a30b3421,26,2604 - Refrigerator,2019-07-11 13:11
a30b38ec,26,2605 - Pantry,2019-07-12 22:48
a30af552,25,2501 - Under Study Office Desk,2019-07-19 08:22
a30b0eee,25,2502 - Master Toilet,2019-06-30 21:08
a30aef2a,25,2503 - Guest Sink,2019-07-01 16:24
a308c6b8,24,2401 - Laundry,2019-07-19 08:39
a308bfd3,24,2402 - Master Toilet,2019-06-28 00:15
a30aeadc,24,2404 - Master Sink,2019-07-01 16:33
a30afa2e,24,2405 - Guest Bathroom Sink,2019-07-01 17:39
a30a34a8,23,2303 - HVAC Closet,2019-06-29 15:46
a30aed3f,23,2303 - Kitchen Sink,2019-07-16 10:37
a30b2dea,23,2303 - Laundry,2019-07-01 06:34
a30a3c3b,23,2303 - Powder Sink,2019-06-29 22:04
a30b3022,23,2303 - Powder Toilet,2019-06-28 05:47
a30aed90,23,2303 - Refrigerator,2019-06-29 15:27
a308cbdf,23,2304 - Front Entry,2019-07-12 22:48
a30b26bd,23,2304 - Guest Sink & Toilet,2019-07-11 07:22
a308c607,23,2304 - HVAC Closet,2019-06-28 04:27
a30aedbb,23,2304 - Kitchen Sink,2019-07-18 01:20
a30b352c,23,2304 - Laundry,2019-06-29 13:00
a30b0b94,23,2304 - Master Sink Left,2019-06-29 12:14
a30b0f7d,23,2304 - Master Toilet,2019-06-28 18:23
a30a39a4,23,2304 - Refrigerator,2019-07-01 09:19
a30af692,22,2201 - Kitchen Sink,2019-07-18 01:21
a30b392f,22,2201 - Laundry,2019-07-16 07:52
a30aedef,22,2203 - Laundry,2019-07-01 07:51
a308c5bd,22,2203 - Powder Bath Toilet,2019-07-02 00:07
a30af542,22,2204 - Master Sink,2019-07-16 12:39
a308c6f8,22,2206 - HVAC,2019-06-30 22:23
a30af009,22,2206 - Master Sink Right,2019-06-30 23:17
a30a31df,21,2101 - Refrigerator,2019-07-21 08:49
a30b392e,21,2103 - Dining Room Behind Buffet,2019-06-25 20:25
a30a1afc,21,2106 - Refrigerator,2019-07-13 11:45
a30b3b66,20,2001 - Guest Toilet,2019-06-28 12:02
a30b1afc,20,2001 - Kitchen Sink,2019-07-13 12:23
a30ae928,20,2001 - Powder Toilet,2019-07-01 12:30
a30b305b,20,2001 - Refrigerator,2019-07-01 12:30
a30a3587,20,2004 - Refrigerator,2019-07-01 12:30
a30b293a,20,2005 - Master Toilet,2019-07-01 12:30
a30a3c6f,20,2005 - Refrigerator,2019-06-25 18:27
a30a2459,20,2006 - Kitchen Sink,2019-06-26 08:09
a30afa73,20,2006 - Laundry,2019-06-26 00:26
a30a4627,20,2007 - Master Toilet,2019-07-11 05:57
a30afd51,19,1901 - HVAC,2019-07-19 14:59
a308c10d,19,1901 - Kitchen Microwave,2019-07-01 12:58
a30b3a12,19,1901 - Master Sink,2019-07-19 14:59
a30af840,19,1903 - Guest Toilet,2019-07-01 03:46
a30a24cf,19,1903 - HVAC,2019-07-19 15:05
a30ae654,19,1903 - Kitchen Sink,2019-07-01 01:13
a30b00d8,19,1903 - Laundry,2019-07-19 14:59
a30a1aef,19,1904 - Guest Sink,2019-07-19 14:59
a30a3968,19,1904 - Guest Toilet,2019-07-19 14:59
a30b24c7,19,1904 - HVAC,2019-07-19 14:59
a30a38aa,19,1904 - Kitchen Sink,2019-07-12 07:50
a30a4477,19,1904 - Laundry,2019-07-19 14:59
a30b2139,19,1904 - Master Sink Left,2019-07-19 14:59
a30a4b89,19,1904 -Master Toilet,2019-07-19 14:59
a30aeec6,19,1904 - Refrigerator,2019-07-11 06:41
a30b1ebc,19,1906 - Laundry,2019-07-19 14:59
a30afa92,18,1801 - Guest Sink,2019-06-25 08:39
a30b303b,18,1801 - Guest Toilet,2019-06-25 13:53
a30aefa3,18,1801 - Kitchen Sink,2019-07-23 12:40
a30bf716,18,1801 - Laundry,2019-06-25 12:06
a30a472e,18,1801 - TV Room,2019-07-23 04:43
a30a2362,18,1803 - Kitchen Sink,2019-07-10 11:35
a30b249d,18,1803 - Refrigerator,2019-07-01 16:02
a30a4df2,18,1804 - Laundry,2019-07-16 18:34
a30a1dbf,18,1804 - Master Sink,2019-07-01 09:49
a308c784,18,1805 - Coat Closet,2019-07-01 12:57
a30b3a60,18,1805 - Guest Sink,2019-07-16 09:17
a30a2ab0,18,1805 - Guest Toilet,2019-07-16 17:08
a30ae30e,18,1805 - HVAC,2019-07-01 14:27
a30a2683,18,1805 - Kitchen Sink,2019-07-16 08:12
a30b2db2,18,1805 - Laundry,2019-07-16 09:47
a30a4367,18,1805 - Master Toilet,2019-07-16 09:23
a30af842,18,1805 - Refrigerator,2019-07-16 08:18
a30a26ef,18,1807 - Refrigerator,2019-07-01 03:26
a30ae9a9,17,1701 - Bar Refrigerator,2019-07-21 08:24
a30a2106,17,1701 - Bar Sink,2019-07-22 00:53
a30a25f3,17,1701 - HVAC,2019-07-22 02:28
a30aec33,17,1701 - Kitchen Sink,2019-07-01 12:34
a308cb92,17,1701 - Powder Bath / Behind Door,2019-07-23 04:44
a30b28c3,17,1701 - Powder Sink,2019-07-21 23:25
a30adf04,17,1701 - Powder Toilet,2019-07-22 01:28
a30a3842,17,1701 - Refrigerator,2019-07-22 01:05
020b18a1,17,1702 - HVAC,2019-07-01 12:34
a30b18a1,17,1702 - HVAC,2019-07-21 23:48
a30a1cc9,17,1702 - Kitchen Sink,2019-07-22 04:32
a30a2a38,17,1702 - Laundry,2019-07-21 23:01
a30a2e87,17,1702 - Master Sink Left,2019-07-21 23:32
a30a4b20,17,1702 - Master Toilet,2019-07-22 03:56
a30a3380,17,1702 - Powder Sink,2019-07-21 23:34
a30a323b,17,1702 - Powder Toilet,2019-07-22 00:46
a30a25cc,17,1702 - Refrigerator,2019-07-22 01:07
a30a4d2d,17,1703 - HVAC,2019-07-22 04:15
a30a2b46,17,1703 - Kitchen Sink,2019-07-01 12:34
a30b3861,17,1703 - Laundry/Under Refrigerator,2019-07-22 01:15
a30a1d17,17,1703 - Master Sink Left,2019-07-21 22:49
a30b1948,17,1703 - Master Toilet,2019-07-22 03:14
a30ae3d6,17,1703 - Powder Sink,2019-07-21 23:39
a30b390b,17,1703 - Powder Toilet,2019-07-22 03:32
a30a4bf0,17,1703 - Refrigerator,2019-07-01 12:34
a30aecdf,17,1704 - Coat Closet,2019-07-18 02:39
a30ae9f6,17,1704 - HVAC,2019-07-21 23:39
a30ae8bd,17,1704 - Kitchen Sink,2019-07-01 04:46
a30aece8,17,1704 - Laundry,2019-07-01 13:05
a30a25c2,17,1704 - Master Sink,2019-07-01 19:02
a30af6c7,17,1704 - Master Toilet,2019-07-17 12:58
a30aee22,17,1704 - Powder Sink,2019-06-27 11:59
a30a26ed,17,1704 - Powder Toilet,2019-06-26 18:37
a30ae5cd,17,1704 - Refrigerator,2019-07-17 23:28
a30a1e54,17,1705 - Guest Sink,2019-07-18 01:53
a30a2a08,17,1705 - Guest Toilet,2019-07-17 11:45
a30b382e,17,1705 - HVAC,2019-07-17 14:18
a30af0c0,17,1705 - Kitchen Sink,2019-07-17 09:23
a30af6f3,17,1705 - Laundry,2019-07-18 03:58
a30b01f8,17,1705 - Master Sink,2019-07-18 03:15
a30ae8d1,17,1705 - Master Toilet,2019-07-17 13:38
a30b138e,17,1705 - Refrigerator,2019-07-01 12:35
a30a2c0f,17,1706 - HVAC,2019-07-22 03:04
a30af36d,17,1706 - Kitchen Sink,2019-07-22 02:20
a30a4ea1,17,1706 - Laundry,2019-07-21 22:47
a30a1ea4,17,1706 - Master Sink,2019-07-21 23:10
a30af021,17,1706 - Master Toilet,2019-07-22 04:08
a30b340c,17,1706 - Powder Sink,2019-07-22 03:02
a30aee72,17,1706 - Powder Toilet,2019-07-21 22:44
a30b00ba,17,1706 - Refrigerator,2019-07-22 03:42
a30b2786,17,1707 - HVAC,2019-07-22 02:12
a30aeb4a,17,1707 - HVAC,2019-07-12 22:11
a30ae77e,17,1707 - Kitchen Sink,2019-07-22 00:17
a30a25f1,17,1707 - Laundry,2019-07-22 03:02
a30a4f09,17,1707 - Master Sink,2019-07-01 18:31
a30a29ae,17,1707 - Master Toilet,2019-07-21 08:20
a30b12d8,17,1707 - Powder Sink,2019-07-20 08:15
a30afffb,17,1707 - Powder Toilet,2019-07-21 17:39
a30a1ddf,17,1707 - Refrigerator,2019-07-21 23:34
a30a1c04,17,1708 - Guest Sink Left,2019-07-21 22:46
a30b3920,17,1708 - Guest Toilet,2019-07-22 04:35
a30b3854,17,1708 - HVAC,2019-07-22 04:29
a30a1b30,17,1708 - Laundry,2019-07-22 03:43
a30a2214,17,1708 - Laundry Sink,2019-07-22 03:24
a30ae927,17,1708 - Master Sink,2019-07-22 00:10
a30a2c8c,17,1708 - Master Sink,2019-07-22 03:07
a30a2aed,17,1708 - Master Toilet,2019-07-22 00:31
a30a2621,16,1601 - HVAC,2019-07-01 06:42
a30a48b2,16,1601 - Refrigerator,2019-07-01 12:36
a30a2cb0,16,1603 - 2nd Kitchen Sink,2019-06-24 13:27
a30a20d5,16,1604 - Laundry,2019-07-01 12:36
a30a4591,16,1604 - Refrigerator,2019-07-01 12:36
a30b124e,16,1607 - Kitchen Sink,2019-07-21 09:05
a30ae212,16,1607 - Laundry,2019-06-27 14:56
a30a1c65,16,1607 - Refrigerator,2019-07-01 12:36
a30b3b97,15,1503 - Kitchen Sink,2019-07-10 03:31
a30a2855,15,1503 - Powder Toilet,2019-06-30 21:44
a30b302b,15,1504 - Guest Sink,2019-06-27 03:17
a30af0aa,15,1504 - Guest Sink,2019-07-10 04:43
a30b368a,15,1504 - Guest Toilet,2019-07-14 12:43
a30b3ac9,15,1504 - HVAC,2019-06-27 02:33
a30a2894,15,1504 - Kitchen Sink,2019-06-29 16:00
a30b3a7f,15,1504 - Master Toilet,2019-06-30 23:21
a30b27f2,15,1505 - Bar Sink,2019-06-27 03:44
a30b105d,15,1505 - Coat Closet,2019-07-13 17:03
a30a293e,15,1505 - HVAC,2019-06-27 17:58
a30ae4a2,15,1505 - Kitchen Sink,2019-06-27 03:03
a30af763,15,1505 - Laundry,2019-06-28 06:10
a30a27a9,15,1505 - Master Sink Left,2019-06-27 06:30
a30a48af,15,1505 - Master Sink Right,2019-07-10 00:19
a30ae5ec,15,1505 - Master Toilet,2019-06-27 05:38
a30b2ecb,15,1505 - Powder Sink,2019-06-28 10:30
a30afdbf,15,1505 - Powder Toilet,2019-06-27 07:10
a30a2270,15,1505 - Refrigerator,2019-07-12 11:18
a30aecdd,15,1507 - Laundry,2019-07-01 12:57
a30a1ba4,14,1401 - Kitchen Sink,2019-07-01 03:24
a30b09fa,14,1405 - Coat Closet,2019-07-23 04:44
a30a2a09,14,1405 - Master Toilet,2019-06-29 04:56
a30ae859,13,1304 - Guest Toilet,2019-07-16 12:40
a30af8bf,13,1305 - Guest Toilet,2019-07-01 12:10
a30a230f,13,1306 - Refrigerator,2019-07-01 13:00
a30a32c6,12,1204 - Laundry,2019-06-28 11:59
a30a23a2,12,1204 - Refrigerator,2019-06-27 13:35
a30aeefb,12,1205 - Entry Hall Closet,2019-07-01 17:46
a30b3852,12,1205 - Guest Toilet,2019-07-01 04:50
a30af8d0,12,1205 - HVAC,2019-06-28 10:10
a30b2132,12,1205 - Kitchen Sink,2019-07-01 10:51
a30af8f1,12,1205 - Master Sink Left,2019-06-28 13:20
a30a2f73,12,1207 - Kitchen Sink,2019-07-01 18:03
a30b39b1,12,1207 - Laundry,2019-07-01 15:55
a30af526,12,1207 - Master Sink Right,2019-07-01 14:55
a30a2375,12,1207 - Master Toilet,2019-06-28 04:36
a30a3600,12,1207 - Refrigerator,2019-07-10 18:53
a30b37c6,11,1107 - Kitchen Sink,2019-07-01 00:44
a30a4608,11,1107 - Laundry Closet,2019-06-24 20:17
a30b2c53,11,1107 - Master Toilet,2019-07-01 10:41
a30a1b12,11,1107 - Refrigerator,2019-07-01 09:25
a30a35f0,10,1003 - Refrigerator,2019-07-01 07:14
a30b1aa7,10,1004 - Guest Toilet,2019-07-20 15:22
a30aec2b,10,1007 - Kitchen Sink,2019-06-25 02:51
a30b01e8,9,901 - HVAC,2019-07-16 09:12
a30ae522,9,901 - Refrigerator,2019-06-27 14:05
a30a2e93,9,903 - Kitchen Sink,2019-07-01 12:38
a30a4ab4,9,904 - Kitchen Sink,2019-07-12 11:19
a30afca1,9,905 - Master Sink Right,2019-07-15 12:16
a30a1f46,9,906 - Kitchen Sink,2019-07-23 14:24
a30b3042,8,801 - HVAC,2019-07-11 04:30
a30af264,8,803 - Entry Coat Closet,2019-07-01 12:58
a30b323e,8,803 - Kitchen Sink,2019-07-01 08:25
a30a36ce,8,804 - Guest Toilet,2019-06-28 12:46
a30a399e,8,805 - Refrigerator,2019-07-15 12:01
a30b14b2,7,702 - Guest Toilet,2019-07-12 12:16
a30a3404,7,704 - Entry Hall Closet,2019-07-01 12:56
396aefc5,7,704 - HVAC,2019-06-26 15:04
396af484,7,704 - Kitchen Sink,2019-07-25 00:48
396aba34,7,705 - HVAC,2019-06-27 18:42
396a7af4,7,705 - Kitchen Sink,2019-07-20 12:17
a30a4b5d,7,705 - Refrigerator,2019-07-24 03:23
a30ae617,7,707 - Laundry,2019-07-15 13:22
a30a46a2,6,601 - Guest Sink,2019-07-21 11:17
a30b087a,6,602 - Refrigerator,2019-07-12 09:12
396af5d1,6,603 - Guest Toilet,2019-07-14 09:07
396a7dfc,6,605 - Master Toilet,2019-07-01 12:50
396ac7b3,5,501 - Guest Toilet,2019-07-01 12:52
396aa4ed,5,501 - Laundry,2019-06-25 11:07
396a9d03,5,502 - Guest Sink,2019-07-01 12:52
396ada4c,5,502 - Guest Toilet,2019-07-20 14:46
396adbce,5,502 - HVAC,2019-07-25 10:03
396aef07,5,502 - Laundry,2019-07-26 04:43
396a7b27,5,502 - Master Toilet,2019-07-27 02:10
396a7afe,5,504 - Kitchen Sink Island,2019-07-26 08:35
396ab86d,5,505 - Master Sink,2019-06-25 15:04
396a7865,5,507 - Guest Sink,2019-07-01 12:52
396a9272,5,507 - Guest Toilet,2019-07-01 12:52
396a9edf,5,507 - HVAC,2019-07-01 12:52
396a9e90,5,507 - Kitchen Sink,2019-07-01 12:52
396a9cbf,5,507 - Laundry,2019-07-01 12:52
396a9e8f,5,507 - Master Sink,2019-07-01 12:52
396aa50e,5,507 - Master Toilet,2019-07-01 12:52
396a7538,5,507 - Refrigerator,2019-07-01 12:52
396ac4a4,5,508 - HVAC,2019-07-01 12:52
396ab07f,5,508 - Refrigerator,2019-07-01 12:52
a308e106,5,509 - Kitchen Sink,2019-07-15 03:54
a308cddf,5,509 - Laundry,2019-07-16 16:12
a30afa72,5,509 - Refrigerator,2019-07-01 16:11
a30b10a9,5,510 - Guest Sink,2019-07-01 12:52
a308c201,5,510 - Guest Toilet,2019-07-01 12:52
a30b2995,5,510 - HVAC,2019-07-01 12:52
a30ae738,5,510 - Kitchen Sink,2019-07-01 12:52
a308e413,5,510 - Laundry,2019-07-01 12:52
a308dda9,5,510 - Master Sink,2019-07-01 12:52
a30af3ae,5,510 - Master Toilet,2019-07-01 12:52
a30a2b5e,5,510 - Refrigerator,2019-07-01 12:52
a30ae299,5,511 - Guest Sink,2019-07-19 12:13
a30a1b82,5,511 - Master Sink Right,2019-07-19 07:13
396ad98d,5,501 - HVAC,2019-07-01 00:00
a30aef85,17,1707 - Front Foyer,2019-07-22 02:38
a30a3ca3,18,1801 - Laundry,2019-07-10 06:08
